Timestamp,¬øQu√© medida o Proyecto de Ley crees que es necesario para disminuir la desigualdad en Chile?,¬øAlg√∫n otro comentario o sugerencia?
10/21/2019 18:25:19,Hola,
10/21/2019 18:25:38,Bacan,
10/21/2019 18:36:27,Bajar sueldos de pol√≠ticos,
10/21/2019 19:19:23,Mejoras educaci√≥n y salud,
10/21/2019 19:20:50,Aumento del impuesto a la riqueza,
10/21/2019 19:22:18,NINGUNA. La desigualdad no es mala. Enfoquemonos en reducir la pobreza y aumentar la movilidad social.,Toda medida destinada a reducir la desigualdad inevitablemente va a tener un efecto negativo en la econom√≠a. 
10/21/2019 19:26:34,ASAMBLEA CONSTITUYENTE,RENUNCIA PI√ëERA
10/21/2019 19:28:50,"Si no van a mejorar el sueldo m√≠nimo. Que para quienes ganen sueldo m√≠nimo no paguen el metro. Nosotros podemos pagarlo... 

Mayor transparencia en el uso de dinero ",
10/21/2019 19:33:15,"Mayor impuesto a las personas naturales.  Que el que m√°s tenga, m√°s d√© de lo ganado.  Para as√≠ poder subir el sueldo m√≠nimo.",Tambi√©n aumentar el impuesto a las empresas con mayores ganancias.
10/21/2019 19:34:53,"Todo participante de alg√∫n ministerio del gobierno, debe participar del √°mbito p√∫blico de este ministerio. Al igual que senadores y diputados en su totalidad.

Es as√≠, trabajadores del ministerio de educaci√≥n llevar a sus hijos a colegios p√∫blicos. Trabajadores del ministerio de salud atenderse en hospitales p√∫blicos. Y as√≠ en adelante.

Aseguro que a los dos segundos que el ministro de transporte utilice diariamente las facilidades del metro y transantiago estar√°n funcionando al 100% en su m√°ximo explendor.

Deber√≠a ser lo m√≠nimo para poder participar de la p√≥litica de nuestro pa√≠s.","Soy Pepe. Pregunten cualquier cosa, es algo que he pensado por varios a√±os."
10/21/2019 19:36:08,"Disminuir en un 20% aproximadamente el sueldo de los parlamentarios, el dinero ahorrado con esta medida podr√≠a y deber√≠a ser usado para subsidiar en su totalidad el pasaje de metro para la tercera edad.",
10/21/2019 19:41:37,"Cambiar el sistema de privado de pensiones por uno mixto. NO incrementar el % de pensi√≥n recibido por persona, sino hacer un cambio institucional parecido a lo que hay en el Reino Unido. ",
10/21/2019 19:45:08,No es algo tan directo pero potenciando el rol publico desde las aulas de clases (en especial en la universidad) para potenciar a profesionales que tomen en consideraci√≥n no solo sus propios intereses. ,
10/21/2019 19:45:57,Bajar sueldo a los parlamentarios para que los chilenos no sientan que ‚Äúlos ricos‚Äù les est√°n robando,"Dar informaci√≥n f√°cil de entender de como ha mejorado la situaci√≥n chilena, ej. Explicar que porcentaje del sueldo m√≠nimo representan x gastos comparando a√±os anteriores y la actualidad. Adem√°s que los medios de comunicaci√≥n dejen de echarle la culpa a todo el mundo y muestren situaciones donde se est√°n cumpliendo los derechos de las personas"
10/21/2019 20:02:36,Priorizar eduacion inicial con los recursos que tenemos en vez de educaci√≥n superior,
10/21/2019 20:10:25,Alza en salario m√≠nimo ,
10/21/2019 20:17:49,TRANSPARENCIA TOTAL,"UN CORAZ√ìN ABIERTO Y QUE PI√ëERA ASUMA TODO. LUEGO, EMPEZAR DE CERO"
10/21/2019 20:24:35,"Estudiar la factibilidad de subir las pensiones al sueldo m√≠nimo, Subsidios de arriendo, subsidios a necesidades b√°sicas (agua, luz, pa√±ales). Principalmente, un desarrollo de la colaboraci√≥n interdisciplinaria a la hora de pensar pol√≠ticas p√∫blicas, considerar todos los √°mbitos que se ven afectados.",
10/21/2019 20:26:15,"Creo que la base est√° en mejorar la educaci√≥n, al final es la herramienta para poder surgir",Que buena la iniciativa 
10/21/2019 20:31:44,Reforma Educacional,
10/21/2019 20:43:20,"Bajarle el sueldo a los parlamentarios y senadores, de manera de promover cargos que sean √∫nicamente por vocaci√≥n. ",Ley que asegure una mejor√≠a en la infancia de los chilenos. Mejor√≠a en los p√°rvulos. Mejora de la infraestructura de los establecimientos educacionales. Capacitaci√≥n de econom√≠a para los chilenos.
10/21/2019 20:44:05,"Que los parlamentarios se bajen los sueldos, no + afp",Aumento del sueldo m√≠nimo 
10/21/2019 20:45:26,Igualdad de oportunidades para todxs,Buena iniciativa 
10/21/2019 20:52:36,Bajar los sueldos de parlamentarios,
10/21/2019 20:53:21,Mejorar Educaci√≥n,"Rebajar el presupuesto de las FFAA, para en un mediano plazo no tenerlas. Es un gran presupuesto que puede ser utilizado en temas m√°s importantes en el pa√≠s. Modelo: Costa Rica "
10/21/2019 20:53:34,"Es necesario escuchar a las personas de abajo. Uno de las medidas que pondr√≠a es poner un sistema de pensiones igual al sistema de capradena.... para que las personas mayores puedan tener pensiones iguales a los militares y carabineros. 
Otro descontento que hay en la gente, es el problema del IVA y los impuestos. Si todos pagaran sus impuestos, desde las multinacionales, las empresas, los multimillonarios, etc. De vddd que se podr√≠an hacer muchas cosas.
Hay otro grave problema que sucede en muchas poblaciones, el narcotr√°fico. Muchos de los problemas con carabineros es porque existe un descontento en los barrios bajos, como yo que vivo en Bajos de Mena, de vddd que los carabineros no se mueven para nada cuando es necesario, por robos, por la misma corrupci√≥n en la instituci√≥n. Una de las medidas que pondr√≠a all√≠ es que se trabaje com√∫nmente con carabineros, para poder hacer allanamientos mejores, sin perder la seguridad de las personas, porque si se llega a saber, los narcos te balean la casa.
Otra situaci√≥n problem√°tica es el sueldo m√≠nimo y los costos de vida. De vddd no se pueden seguir subiendo los costos de vida, los servicios b√°sicos, como luz, agua, gas, etc. Si todos pagasen sus impuestos, sin perdonazos ni nada,se podr√≠a generar subsidios mejores para la gente de clase media y pobres, personas que realmente se les va un porcentaje de su sueldo para pagar esto.
La salud p√∫blica es otro tema necesario de ver. Ac√° deber√≠a mover m√°s dinero en la salud publica, m√°s camillas, mejores sueldos a los trabajadores que trabajan tiempo completo en el hospital y un porcentaje de pago para los que hacen horas. Mejores condiciones de trabajo para los mismos m√©dicos y enfermeras, ampliaciones de salas de urgencias y mejoras en las salas de espera. Por ejemplo, las salas de espera de CDT de Hospital Sotero del R√≠o est√°n asquerosas. De vddd es triste pensar que hay cl√≠nicas en las condes que son hermosas y a pesar de la poca espera tienen mucho que dar, mientras personas que esperamos 8 a 10 horas por una atenci√≥n que est√° agendado. Otro problema que he presenciado en los hospitales p√∫blicos es el problema en la organizaci√≥n de horas, aqu√≠ que podr√≠amos hacer, un sistema para toda la gente de los n hospitales p√∫blicos y un manejo mejor de directorio, para que pueda funcionar mejor la gesti√≥n de horas. A que voy con esto. Por ejemplo mi mam√° tiene problemas oftalm√≥logicos. Ella necesita l√°ser y nos dan horas para solo los d√≠as viernes. Lamentablemente los d√≠as viernes son d√≠as de cirug√≠as para el pabell√≥n de oftalmolog√≠a y nos citan a las 8. Esperamos hasta 6 horas esperando atenci√≥n ya que los m√©dicos operan a esa hora.
Mejorar la educaci√≥n p√∫blica u subvencionada. De vddd es necesario generar un subsidio y mejorar el que est√° porque muchos de los reclamos de los administradores es que no hay plata para nada. Otra cosa, hay que hacer un plan regulador de los administradores escolares por si est√°n realizando fraudes, porque muchas veces dicen no tener dinero para entregar a los colegios y proyectos de alumnos. 
Otra situaci√≥n que hay que arreglar para los universitarios, es la necesidades de extender la gratuidad para la gente m√°s pobre. No puede ser tan inhumanos de pensar que todos van a terminar la carrera al tiempo oficial, cuando los promedios de egresos son mayores de la extensi√≥n oficial siempre. Creen que somos unos flojos, pero no ven los problemas que tienen las personas de bajos recursos, desde problemas econ√≥micos, sociales, m√©dicos, etc.
El √∫ltimo ley que har√≠a es la necesidad de quitar el tema de los pitutos para entrar a trabajos importantes. Eso es un grave problema de desigualdad en Chile. Legislaria pars castigar el pituto en las empresas","Que se vaya todos los pol√≠ticos corruptos, cualesquiera que sea su color pol√≠tico y que exista justicia y que no existan beneficios especiales para los ricos. Las personas de abajo necesitamos pol√≠ticos que legislen para ellos. Por eso, fuera el gobierno actual"
10/21/2019 20:54:36,impuestos a los mas ricos,la evidencia apunta a que los impuestos redistributivos son la mejor forma de reducir la desigualdad. el resto es musica.
10/21/2019 20:55:56,Crear un sistema mejor de cobros en el sistema p√∫blico. Estamos los estudiantes y adultos mayores con tarifa preferencial. Ver alguna forma para que se incluya en este sistema la gente que recibe sueldo m√≠nimo u otras personas que puedan necesitar ayuda. ,
10/21/2019 20:56:18,"Bajar sueldos a parlamentarios, mano dura a casos de colusiones y fraudes",
10/21/2019 20:57:45,"Que disminuya la cantidad de parlamentarios, puede ser de a poco, 2 por a√±o, para que no sea un cambio tan brusco pero con la plata de sus sueldos se pueden mejorar luchas cosas p√∫blicas. Miren italia por ejemplo, logro disminuir una gran parte de sus parlamentarios, no es imposible.","Dejen de participar en las marchas, el gobierno no se puede enfocar en solucionar los problemas reales si esta pendiente de la gente marchando"
10/21/2019 20:57:53,"Eliminar los privilegios frente a temas judiciales. Que todos sean juzgados bajo la misma vara, y cumplan penas correctas. Sin importar el origen y apellido de la persona. No pueden burlarse as√≠ de los chilenos, crea mucha injusticia y resentimiento. ",
10/21/2019 21:08:47,"Igualar la educaci√≥n, es la base. Es la principal causa y consecuencia de la gran brecha y desigualdad en Chile. Al comparar con EEUU donde la educaci√≥n p√∫blica es igual de calidad con la privada.",
10/21/2019 21:12:07,Ley de reforma a las AFP,
10/21/2019 21:12:47,Que la Contraloria tenga TOLERANCIA CERO con las condonaciones del SII a las evasiones de impuestos ,
10/21/2019 21:19:19,Alza en el sueldo m√≠nimo ,
10/21/2019 21:20:21,Subir los puntajes para poder ser profesor,Esto crear√° a profesionales mejor parados y as√≠ se podr√° justificar su buen sueldo y el entregar una buena educaci√≥n b√°sica a los ni√±os 
10/21/2019 21:27:17,Los sueldos de empleados del estado,"En Chile, los empleados son vitalicios. No se les puede echar y reciben sueldos que se pagan con impuestos. En su gobierno, bachelet contrato a alrededor de 25.000 personas. Lo malo de esto es que muy pocas de estas personas trabajan realmente, es decir, existe un mar de personas que reciben un sueldo por simplemente ser amigos de pol√≠ticos.
Esto acompa√±ado de los alt√≠simos sueldos de los politicos significan un alto costo para el pa√≠s. Es esencial replantearnos las prioridades de los fondos estatales. "
10/21/2019 21:30:13,Primero el pa√≠s tiene que destinar sus gastos a la reconstrucci√≥n y posteriormente crear m√°s trabajos a trav√©s de la baja de impuestos para as√≠ fomentar la inversi√≥n y crecer econ√≥micamente con la inversi√≥n. Si el pa√≠s crece econ√≥micamente podemos emparejar la cancha hacia arriba.,"Creo que antes de pensar en enfrentar la desigualdad pensemos en c√≥mo emparejar la cancha hacia ARRIBA y no hacia abajo. 78 estaciones de metro no se queman de forma tan simple, es un acto organizado por partidos de izquierda respaldado por VENEZOLANOS INFILTRADOS EN CHILE eso no lo comparten en la televisi√≥n, pero esto SI ES GUERRA POL√çTICA. No quiero que mi pa√≠s termine como Venezuela. "
10/21/2019 21:33:15,Disminuir la dieta parlamentaria. Incentivar a inversionistas y emprendedores a trav√©s del reajuste tributario.  ,
10/21/2019 21:34:20,Asamblea Constitucional,"Hay que actualizarla y que este acorde con el a√±o en que vivimos, subir impuestos a empresas, mas a las que tienen mas emisiones de CO2, bajar la dieta parlamentaria, redistribuir la plata destinada a salud porque NO alcanza la gente se muere en los hospitales publicos, hay mucho mucho que arreglar "
10/21/2019 21:35:40,"Reforma constitucional y darle prioridad a la Nueva Educaci√≥n P√∫blica, luego creo firmemente en la integraci√≥n social a trav√©s de generar ciudades m√°s integradas y menos segregadas, mezclemosnos!!!!! ",
10/21/2019 21:35:59,"reducir los impuestos, desprivatizar el agua",siempre asumir la responsabilidad social e integridad individual para desde ah√≠ construir una hermosa comunidad. (el lo hizo entonces yo tb?? no eso no)
10/21/2019 21:39:11,"Presupuesto base 0. Replantearse la distribucion de recursos del estado propuesto por el actual gobierno para, al menos, lograr la estabilidas social en el corro plazo. Con el objetivo de ubicar recursos en items de mayor urgencia social. ","Cambio de gabinete urgente, en especial los minstros Larrain y Fontaine. "
10/21/2019 21:41:35,"Los politicos manejan la cosa segun su conveniencia. No invent√© esta medida, pero si los politicos estuviesen obligados por ley a atenderse en la salud publica y a educar sus hijos con educacion publica, estoy seguro que empezarian a hacer su trabajo",
10/21/2019 21:42:13,"Hacer que todos los presidentes anteriores saquen a la luz p√∫blica en donde, a quien ( empresas, etc) y en que momento, vendieron parte de Chile, ya sea luz, agua, mar, recursos, etc.
Vamos a arreglar Chile desde sus ra√≠ces. ",
10/21/2019 21:48:56,Reforma Tributaria,"Aumentar los tramos impositivos a las rentas marginales mas altas, pasando al 45% y 55%"
10/21/2019 21:50:01,Ingreso basico universal,"Redistribuci√≥n de ingreso condicionada a empleo, buscando complementar los ingresos laborales de los trabajadores "
10/21/2019 21:50:44,Baja de Iva generalizada ,Ampliacion de la base impositiva al impuesto a la renta de 2da categor√≠a 
10/21/2019 21:51:09,Bajarle los sueldos a los diputados y senadores. As√≠ las personas no se van a volver pol√≠ticos por la plata sino porque verdaderamente le interesa ayudar a la gente.,Desgraciadamente no creo que ocurra ya que simio no mata a simio (o no Karol Cariola?)
10/21/2019 21:52:13,"Disminuci√≥n dieta parlamentaria, disminuci√≥n numero de parlamentarios, sala cuna universal, prioridad en cesfams y hospitales ante clinicas privadas en medicamentos",
10/21/2019 21:53:03,"Ense√±a lo aprendido. 
Gratuidad universitaria  para los q despues de estudiar ense√±en su materia en una escuela (carreras matematicas->matematicas, carreras humanistas->lenguaje, historia, etc)",
10/21/2019 21:53:17,Mas metros,
10/21/2019 21:55:13,"La afp gana 500 millones de dolares al a√±o (cifra estimada). Antes de hacer que ganen eso, quitarle 1/3 de la plata que hacen y repartirla entre las pensiones (con especial prioridad en las pensiones m√°s bajas). ","Nunca va a ocurrir porque el gobierno esta comprado, pero si se hacen este tipo de demandas puede ser que tomen algun tipo de iniciativa."
10/21/2019 21:57:41,Educaci√≥n como pilar del cambio,Protecci√≥n a la clase media 
10/21/2019 22:02:45, Con un grupo de prof de econom√≠a j√≥venes de la uc vamos a plantear propuestas desde la academia,Av√≠same si te interesa y te mandamos el documento cuando lo tengamos. Es consensuado entre algunos mas de centro izq y derecha
10/21/2019 22:04:10,Bajar la dieta parlamentaria; aumentar pensiones,
10/21/2019 22:04:12,"Hacer un proyecto de ley que respalde la salud mental en Chile. Cosas b√°sicas como que se propongan conversaciones sobre los temas que son considerados ‚Äútabu‚Äù, que hayan psic√≥logos en lugares necesarios (Puente Alto, Temuco, Puc√≥n), que hayan m√°s centros de atenci√≥n para salud mental, que hayan personas especializadas en hospitales p√∫blicos para ayudar con ciertas enfermedades (tales c√≥mo psic√≥logos o psiquiatras), promover la salud mental en los colegios (que sea absolutamente necesario y vayan especializados que puedan ayudar).",La salud mental en Chile es una de las peores. No se le presta atenci√≥n y la mayor√≠a de la gente no tiene plata para pagar un psic√≥logo o hay veces que cree que los psic√≥logos son para los ‚Äúlocos‚Äù. Esta es una mentalidad t√≥xica que da√±a paulatinamente a nuestra sociedad.
10/21/2019 22:06:39,"Reducci√≥n de IVA. A quienes mas afecta es a los mas vulnerables (el 19% del valor del un producto afecta mucho a m√°s a una persona que tiene menos recursos que a una persona rica).

Como reducir el IVA?
Reducir sueldos de los pol√≠ticos (diputados, senadores, y otros operadores pol√≠ticos in√∫tiles), modernizar el estado, digitalizaci√≥n completa, reducir empleos p√∫blicos (de esa manera los recursos se destinan donde realmente se necesitan).

Fomento inversi√≥n y emprendimiento a trav√©s de deducciones tributarias: permite mayor contrataci√≥n por parte de empresas al disminuir costos, bajando la tasa de desempleo.

Aumento de cotizaci√≥n DENTRO del sistema de AFP(sistemas de reparto quebrados a lo largo de todo el planeta), con perfeccionamiento de edad de jubilaci√≥n (actualmente insuficiente) y controles para evitar abusos.","Que esto no se convierta en la destrucci√≥n de un sistema que SI ha generado riqueza y bienestar en este pa√≠s, como lo han demostrado todas las estad√≠sticas existentes. Perfeccionemoslo, mas no lo destruyamos."
10/21/2019 22:07:18,"Acceder a un porcentaje de las ganancias de la salud privada y destinarla a la salud p√∫blica. Si un centro de salud privado genera ingresos neto mayores a ""X%"", tanto porciento de esa ganancia deber√° ir a alg√∫n centro de salud vulnerable y/o de menores ingresos.",
10/21/2019 22:15:50,"Bajar el sueldo de los
Parlamentarios","Creo que, quienes tenemos m√°s privilegios, debemos tratar de aportar m√°s a la sociedad desde las distintas disciplinas"
10/21/2019 22:15:55,"Disminuir el numero de los senadores y diputados y bajarles el sueldo.
Ponerle fin a los beneficios de los ex presidentes de la republica. Muchas gracias ya sirvieron pero es hora de que esos fondos se destinen en OBRAS Y POLITICAS PUBLICAS, en educacion",Mejorar la educaci√≥n 
10/21/2019 22:16:46,Que el sueldo m√°ximo no sea mayor a 30 veces el sueldo m√≠nimo en una empresa,
10/21/2019 22:17:35,Bajar los salarios gubernamentales ,"Destinar ese dinero a salud p√∫blica, a educaci√≥n!! "
10/21/2019 22:23:15,"Disminuci√≥n dieta parlamentaria, aumento subsidio transporte p√∫blico, aumento sueldo m√≠nimo inmediatamente, aumento pilar solidarios, aumento impuestos con √©nfasis redistributivo, propuesta de nuevo pacto social (partiendo por una nueva constituci√≥n)",
10/21/2019 22:24:04,"Reforma a la salud, reforma a las AFP, bajo a la dieta de senadores, acceso a la vivienda para todos. Mejoras a la educaci√≥n ",Se deberia partir de una hoja en blanco y redestinar el presupuesto estatal.
10/21/2019 22:27:06,Disminuir el salario de los parlamentarios ,
10/21/2019 22:27:42,Desprivatizar los recursos naturales (solo regular) ,
10/21/2019 22:30:33,"Bajar los precios de los productos a un punto que sea accesible para todos, pero que aun as√≠ mantenga vigente la econom√≠a  de nuestro pa√≠s.",Mientras los carabineros y las fuerzas armadas no hagan algo que los haga recuperar su autoridad no tiene diferencia si est√°n o no en las calles.
10/21/2019 22:30:49,Reforma Constitucional ,
10/21/2019 22:31:14,"Establecer un impuesto progresivo seg√∫n los ingresos de las personas, tal como funciona en distintos pa√≠ses que aseguran los derechos sociales a trav√©s de actividades del Estado.","Conseguir mayor representatividad a trav√©s de una nueva Constituci√≥n, estableciendo en ella el nuevo pacto social que apunte a asegurar derechos sociales tales como salud, educaci√≥n, seguridad social, entre otros."
10/21/2019 22:37:03,Declarar ilegal al Frente Amplio y al Partido Comunista ,
10/21/2019 22:37:12,Eliminar y bajar los impuestos,No + impuestos
10/21/2019 22:37:54,"La desigualdad no es el problema. Falta crecimiento econ√≥mico. El que tiene m√°s es porque cre√≥ algo que di√≥ valor a la sociedad, y la sociedad quiere comprarlo. El que tiene menos debe tener lo suficiente para vivir dignamente. Por eso, se tiene que promover la innovaci√≥n para crear empresas que den empleos. As√≠ mientras m√°s se crezca econ√≥micamente la gente va a estar dispuesta a recibir m√°s de sueldo (costo oportunidad) y tendr√°n mejor calidad de vida. ",
10/21/2019 22:46:39,"Bajar los sueldos de los pol√≠ticos, disminuir el Parlamento a uno m√°s peque√±o y con gente que realmente identifique al pueblo no s√≥lo a los m√°s privilegiados",
10/21/2019 22:50:35,"Creo q principalmente es necesario mejorar la educacion, educar da oportunidades a todos, para esto se deberia asegurar con 12 a√±os de educacion gratuita y de calidad (1ro a 4to medio),  ya si El alumni require mas tiempo esto corre por cuenta de El, Los profesores deben ser de calidad, darles mejores salaries, pero someterlos a una prueba de competencias Al menos una vez cada 5 a√±os, para asi asegurar la calidad de la misma, creo q esto es mas realista y creo q con educacion se puede salir adelante, una vez esto este cubierto avanzar hacia la educacion superior, de Paso mejor informacion sobre El finamciamiento sence, Gran iniciativa pero q la gente desconoce","Creo tambien q se debe dar un plazo (corto) para que El gobierno cumpla con esto, el exigir ya es jrreal"
10/21/2019 22:55:09,"De partida, NO m√°s tolerancia e impunidad a los casos de corrupci√≥n de pol√≠ticos y los robos de chaqueta y corbata. La igualdad ante la ley tiene que cumplirse al pie de la letra. Que tener recursos no te permita estar por sobre la ley.",No se puede arreglar un pa√≠s en un d√≠a! La redistribuci√≥n de ingresos y la igualdad de oportunidades son objetivos a los que se llega a trav√©s de procesos largos y dif√≠ciles. Lo que S√ç se puede conseguir ahora es tener mano dura con los casos de corrupci√≥n. Que tener recursos no te permita estar por sobre la ley.
10/21/2019 23:00:49,Antes que la cantidad y alcance de la educaci√≥n nos deber√≠amos focalizar e invertir en la calidad de esta. ,
10/21/2019 23:08:02,"Aumentar la libertad de las empresas (intervencionismo estatal), de esta manera, la libre competencia entre las mismas regula los precios. Al regularse de manera propia, la gente compra m√°s ya que es m√°s accesible, al comprar m√°s aumenta el capital de la empresa, invirtiendo m√°s en sus trabajadores y creando m√°s empleos. Mas gente sale de la pobreza, m√°s sube la calidad de vida del pa√≠s, mejor vivimos todos. 
La desigualdad no debe ser combatida, lo que debe ser combatido es la calidad de vida de las personas.","La desigualdad es un termino populista que en realidad no tiene ning√∫n fundamento. La desigualdad est√° presente en todos los √°mbitos de la vida, ¬øPor qu√© no deber√≠a estar presente en este?"
10/21/2019 23:08:10,"Aumentar la libertad de las empresas (intervencionismo estatal), de esta manera, la libre competencia entre las mismas regula los precios. Al regularse de manera propia, la gente compra m√°s ya que es m√°s accesible, al comprar m√°s aumenta el capital de la empresa, invirtiendo m√°s en sus trabajadores y creando m√°s empleos. Mas gente sale de la pobreza, m√°s sube la calidad de vida del pa√≠s, mejor vivimos todos. 
La desigualdad no debe ser combatida, lo que debe ser combatido es la calidad de vida de las personas.","La desigualdad es un termino populista que en realidad no tiene ning√∫n fundamento. La desigualdad est√° presente en todos los √°mbitos de la vida, ¬øPor qu√© no deber√≠a estar presente en este?"
10/21/2019 23:08:16,Darle una cara al movimiento anti- desigualdad para que pueda discutir con las autoridades ,
10/21/2019 23:11:30,"Aumentar el sueldo m√≠nimo y si no fijar precios accesibles para necesidades b√°sicas (remedios, confort, pan). Repartir equitativamente los ingresos del gobierno para salud y educaci√≥n y si es necesario disminuir sueldos de empresarios gubernamentales.",
10/21/2019 23:12:04,"Bajen la dieta parlamentaria, menos diputado y senadores (son demasiados, y se ve que no funciona porque nunca est√°n todos), que no hayan comisiones en √©l parlamentos (solo generan m√°s divisi√≥n, pej si el jefe de comisi√≥n es udi y el proyecto es frente amplio (o viceversa) este no avanza....), adulto mayor NO pague transporte, m√°s IVA a las empresas, menos IVA  a los feriantes, panaderos de barrio, etc. Menos colusion en farmacias, estudio una carrera de la salud y se que los remedios son mas baratos. M√ÅS INSUMOS pra hospitales. educaci√≥n de calidad para todos. Y sobre todo, que NADIE por m√°s pobre o rico que sea, este por sobre la ley, ante la ley todo delito debe ser castigado de la misma manera sin importar del delincuente. Hay tantas cosas por arreglar..... ",
10/21/2019 23:12:48,"Bajar sueldos de pol√≠ticos y disminuir la cantidad de diputados para poner mas dinero en salud, educaci√≥n y otros.",
10/21/2019 23:15:43,"Aumentar la plata destinada a salud, aunque sea un aumento paulatino para reducir la crisis de insumos y ex√°menes. ","Encuentro que NO es una soluci√≥n que Pi√±era renuncie AHORA. La gente, si deperto, pero hay mucho odio y miedo y no creo que estemos en las mejores condiciones para votar, ni que un presidente nuevo podr√≠a arreglar esto. Creo que Pi√±era debe intentar arreglar esto, volver a la paz y luego pensar si continua o renuncia. "
10/21/2019 23:20:57,"Subir el sueldo m√≠nimo, no m√°s afp, destinar m√°s recursos al √°rea de salud, crear m√°s oportunidades de trabajo para las personas. ",
10/21/2019 23:22:26,Cobrar un impuesto irrevocable del 1 √≥ 5% a los m√°s ricos para subvencionar necesidades b√°sicas de la poblaci√≥n ,"Como la educaci√≥n, salud, transporte "
10/21/2019 23:26:32,Bajarle el sueldo a los pol√≠ticos ,"Me gustar√≠a que haya m√°s transparencia en el gobierno y parlamento, pero no se que podr√≠a ser concreto "
10/21/2019 23:44:38,"1. Disminuir ‚Äúdieta parlamentaria‚Äù 
Esos recursos mal gastados pueden ser utilizados en otras cosas 
2. Uniformados deben tener mismos beneficios que un ciudadano comun","El punto 1 y 2 se basa a mi parecer que uno VOLUNTARIAMENTE decide servir a su pais, tanto en lo politico como en las fuerzas armadas, por lo tanto, el pais no tiene porque financiar gastos extras..."
10/21/2019 23:47:01,"Ajuste sueldo m√≠nimo, reformulaci√≥n a sistema de pensiones para que no sea menor a sueldo m√≠nimo, reformulaci√≥n a tarifa de transporte p√∫blico",Maxima urgencia en el congreso
10/22/2019 0:03:56,En primera hay que dar se√±ales de que el cambio se va a hacer,"En primera hay que dar se√±ales de que el cambio se va a hacer, ya que ni eso han hecho, y como los politicos no fueron capaces de atender las necesidades de la gente, creo que lo mas inteligente seria escoger a un o una cantidad de representantes que puedan ir a hablar con el gobierno, y junto a ellos resolver la situacion."
10/22/2019 0:06:53,Menos politicos pero de mejor calidad,"Disminuir la cantidad de politicos pero mejorar la calidad de estos, para eso es necesario que los politicos tengo minimo alguna educacion universitaria y tengan alguna experiencia en el sector publico y privado para poder conocer ambas partes de la monedas antes de legislar"
10/22/2019 0:23:03,"Creo que hablar de terminar de la desigualdad es un t√©rmino muy amplio. Sin embargo, creo que cualquier √°mbito de desigualdad se debe abarcar desde la educaci√≥n, si le ense√±amos a todos a pescar en vez de darles los pescados. ¬øC√≥mo? Yo creo que se podr√≠a implementar una ley que iguale los sueldos de una profesora de un colegio particular pagado, que el de una profesora de un colegio municipal, de forma de subsidio o algo parecido. Si es que nos quedamos solo con eso, todos sabemos que a√∫n la competencia no ser√≠a justa, por que existen los ‚Äúpitutos‚Äù, creo que para regular esta parte, se podr√≠a implementar una ley en la que agentes externos, investigadores, y equipos de especialistas de distintos √°mbitos, que no puedan verse beneficiados de ninguna forma por su elecci√≥n, sean los que den el √∫ltimo ‚Äúvisto bueno‚Äù para que una persona pueda entrar a la empresa que est√° postulando, si bien, podr√≠a hacer m√°s largo, bajar√≠a considerablemente el n√∫mero de pitutos.","Me encanta su iniciativa!!! Podr√≠an subir a su Instagram informaci√≥n de como es la salud, educaci√≥n, pensiones, sueldos, etc. Datos hist√≥ricos y actuales. Ya que la gente suele opinar repitiendo lo que ha escuchado, sin antes investigar, a pesar de que tienen acceso a ello. Informen a la gente pero sin ning√∫n punto de vista, expliquen en qu√© consisten las leyes de los problemas que generan desigualdad y que cada uno juzgue por que esto lleva a la desigualdad. "
10/22/2019 0:24:13,Eliminar o bajar excesivamente el sueldo pagado a ex presidentes ,Reducir dieta parlamentaria
10/22/2019 0:53:46,Asamblea constituyente ahora!,Que saquen a Chadwick
10/22/2019 1:30:58,"*Acciones permanentes*
1) Eliminar el pago de contribuciones a los jubilados.
2) Tranporte p√∫blico gratuito a los jubilados
3) Medicamentos gratuitos a jubilados contra receta m√©dica para evitar que compren para otros.
4) Alargar las concesiones de autopistas para bajar el valor del tag.
5) Subir las pensiones mas bajas al valor del sueldo m√≠nimo.
*Acciones temporales*
1) Congelar el precio de los servicios b√°sicos hasta definir un nuevo modelo de reajuste.
Permanente:
Aumentar tope imponible para que en el futuro se tenga una mejor pensi√≥n y la persona no se transforme en carga para el estado.
Subsidiar los medicamentos a los que ganen el sueldo m√≠nimo o menos.",
10/22/2019 1:33:23,"Potenciar mucho m√°s el emprendimiento en Chile, disminuyendo al emprendedor los impuestos y vac√≠os burocr√°ticos que complican m√°s todo. Para as√≠ darle la misma oportunidad de triunfar en este sistema a gente de todas clases sociales.","El problema central del gobierno est√° en la discuci√≥n de proyectos de ley en el parlamento. La rivalidad y conflictos de inter√©s entre parlamentarios de distintos partidos retrasa todos los proyectos de la agenda presidencial. Yo eliminar√≠a a todos los parlamentarios de su cargo, la ineficiencia pol√≠tica de hace tres gobiernos se debe a ellos."
10/22/2019 1:36:52,Disminuci√≥n de la dieta parlamentaria,"Creo que los pol√≠ticos se est√°n haciendo los locos!!! Sus sueldos son estratosfericos, y nisiquiera han hecho bien su trabajo"
10/22/2019 1:40:26,"Masificar el deporte y la vida sana. Educaci√≥n m√°s amplia que realmente despierte las ganas de vivir, no de sobre-vivir, de los chilenos. IIntegraci√≥n entre creyentes, no creyentes, ricos, pobres, chilenos, inmigrantes,  etc.",
10/22/2019 1:46:03,"Al finalizar las carreras de ingener√≠a civil, comercial, y cualquier otra de alto impacto social, debiesen exigir firmar un juramento, como lo hace derecho o medicina, que invalide el titulo (y se generen otros castigos) en caso de cometer actos en contra de las normas eticas b√°sicas de la profesi√≥n. Ej: ingenieros que evadan impuestos, debiesen quedar destitulados y se les prohibe acceder al sector p√∫blico. Medida chica, pero barata y tal vez de gran impacto (entendiendo lo da√±ino que fue el caso SOQUIMICH)",
10/22/2019 1:49:12,"Reactivaci√≥n de la
Econom√≠a ",
10/22/2019 2:05:06,"Desde mi punto de vista y conociendo de econom√≠a me gustar√≠a aclarar que la desigualdad no es el problema, no es mala la desigualdad (si todos son ricos y unos son mas ricos que otro no veo el problema) el problema es la pobreza, hay que incentivar la econom√≠a del pa√≠s para crear mas puestos de trabajo y de esa forma mayor competencia laboral y mejores sueldos, entre mas impuestos se apliquen menos empresas habr√°n, por ende habr√°n menos puestos de trabajo y menos elecci√≥n del trabajador para ver el trabajo que le acomode mas, el empresario (el honesto, que lo son en su mayor√≠a solo que en nuestro pa√≠s el resentimiento hace que todos lo odien y hablen peste por tener mas) es bueno para el pa√≠s porque crea trabajo, el se beneficia de eso ganando dinero pero beneficia al pueblo creando puestos laborales y pagando impuestos que al fin y al cabo los impuestos de las grandes empresas son los que financian todas las pol√≠ticas publicas. Si se le quitara todo el dinero a los 100 mas ricos del pa√≠s, alcanzar√≠a para solo 6 meses de presupuesto fiscal y despues de eso tendrias 100 pobres mas en el pais... hay que dejar de pelear con el de arriba para que este abajo y empezar a pensar en llegar alla arriba, sacarse el color politico de la cabeza y estudiar sobre un poco de economia.
Ademas Chile no sera un pais utopico pero esta mejor que cualquier pais de la region y eso es gracias a la libertad economica que hay (mas todavia antes de la ultima reforma de bachelet).
Por un lado alegan que el estado es una mierda y no sabe manejar el pais y despues votan por los que quieren estatizar todo en el pais, si no son capaces de manejar un gobierno menos lo van a ser de manejar el gobierno y empresas sl mismo tiempo, al fin y al cabo ellos son personas y velan por sus intereses sin importar el color politico.
","Se que no es una propuesta, pero de entenderse ayuda a centrarse por donde hay que ir. "
10/22/2019 3:33:01,"Hacer un fondo soberano con el litio, que es la pr√≥xima fuente de mayor riqueza del pa√≠s. Hacerlo como Noruega, que la plata vaya a un fondo estatal y todos nos beneficiemos de su extracci√≥n (eso si habr√≠a que tener un gobierno confiable que realmente trabaje para el bien de nosotros... se presta mucho para robos y corrupci√≥n)",
10/22/2019 4:05:11,"SII autonomo, con kpis en recaudaci√≥n, auditado anual. ","Transparencia de impuestos al consumidor en cada boleta, como en US"
10/22/2019 6:38:53,"Transparencia de sueldos: en algunos pa√≠ses uno puede mirar cu√°nto gana cada persona. Eliminando este secretismo se podr√≠an reducir mucho las desigualdades, cuando se exponen los sueldos La gente no es tan cara dura como para embolsarse 30 o 50 veces lo que gana el eslab√≥n m√°s bajo ",
10/22/2019 6:47:27,"Una ley que sancione m√°s fuertemente a las empresas y personas que evadan impuestos y que esta millonaria multa que le cobren vaya dirigida a escuelas vulnerables para que estas puedan mejorar y tener oportunidades
Una ley de transparencia, que todas las empresas (sociedades anonimas) digan cuanto contaminan, cuanto pagan de impuestos, cuantas donaciones hacen a fundaciones",
10/22/2019 7:51:15,"cambiar la constituci√≥n del 73, no solo modificarla",
10/22/2019 8:14:45,Bajar los impuestos de las personas y subir el de las empresas ,
10/22/2019 8:33:41,Disminucion de los sueldos de los psrlamentsrios,Creo que deben haber soluciones al corto y largo plazo 
10/22/2019 8:52:32,"El estado tiene que organizar las platas. Como? Que haya transparencia en que se gastan los impuestos, soy del √°rea de educaci√≥n y se que se destina mucho dinero ah√≠ por ejemplo y al momento de llegar a los colegios ""se pierde"" una gran cantidad. Esto es por la estructura que tienen para hacer las cosas.
C√≥mo hacer eso mejor?
- reducir a los funcionarios del estado, sacar a los/as que no aportan.
-poner en los cargos a gente relacionada con el tema y que sepa tratarlos, no amigos del presidente. En el ministerio de educaci√≥n hay como una profe de b√°sica y esta en p√°rvulos. Que va a saber una profesora de b√°sica de educaci√≥n de p√°rvulos si son etapas distintas.
- reducir la dieta parlamentaria, ganan mucho y hacen muy poco
- que ministros y cenadores comienzan a utilizar los servicios p√∫blico que entregan. As√≠ podr√≠an hacer propuestas m√°s coherentes. ",Quiz√° si se ponen de acuerdo ahora en bajar la dieta parlamentaria se calme un poco la cosa 
10/22/2019 9:32:25,"Dieta parlamentaria , disminuir los sueldos de los parlamentarios a una equivalencia de dos sueldos  minimos asi , desarollamos  personas verdaderamente interesadas en querer partipar en la politica ,   a su vez se sube el sueldo minimo y emparejamos la desigualdad salarial de manera significativa. ",
10/22/2019 9:35:04,Disminuir los sueldos de los parlamentarios ,
10/22/2019 9:42:10,"Bajar dieta parlamentaria, impuestos a clase media y subir sueldo m√≠nimo.",
10/22/2019 10:28:40,"Creo que la educaci√≥n es un tema urgente porque con una igualdad de oportunidades, se crea una base justa a partir de la que cualquiera podr√≠a desarrollar sus habilidades independiente de donde se haya nacido. Me parece muy importante porque es lo √∫nico que a largo plazo har√≠a que nuestro sistema se vuelva m√°s justo","Pol√≠ticos con vocaci√≥n, que se mantengan en su cargo no por el sueldo o para beneficiarse, sino que gente que est√© ah√≠ con ganas de mejorar la calidad de vida de todos los chilenos"
10/22/2019 10:36:46,"Considero que se necesitan diversas leyes. Primero deber√≠a haber un reajuste de los salarios, la dieta parlamentaria deber√≠a disminuir (20% ¬ø?), deber√≠an incluir m√°s enfermedades al GES y dar un presupuesto provisionario a la salud publica para que puedan finalizar el a√±o de forma adecuada (y para a√±os futuros aumentar el presupuesto que se les da), deber√≠an disminuir el precio de los medicamentos (probablemente disminuyendo o quitando el IVA). Se que tambi√©n hay que mejorar el tema de la AFP y la educaci√≥n, pero no conozco mucho al respecto.","S√© que todo lo mencionado es un  gasto sumamente alto, pero es momento de que el gobierno se ponga los pantalones y act√∫e. Va a ser necesario, lamentablemente, que el pa√≠s se vaya a n√∫meros rojos con deudas extranjeras, pero si no hacen estos cambios la desigualdad y descontento social seguir√°n  "
10/22/2019 10:37:43,Que se baje el sueldo a parlamentarios ,Con eso se ahorrar√≠a mucha plata y entrar√≠an al parlamento los con verdadera vocaci√≥n p√∫blica y de servicio
10/22/2019 10:39:12,"Bajar el precio de los medicamentos, o por lo menos quitarles el IVA ",Remedios que aca son muy caros (40 mil pesos o m√°s) en Argentina por ejemplo se encuentran por el 10% de ese precio (4 mil pesos o menos) 
10/22/2019 10:41:28,Que a las mujeres les paguen lo mismo que a los hombres,Aumentar el sueldo m√≠nimo 
10/22/2019 10:42:41,"Armar un panel o una mesa de di√°logo p√∫blica (televisada y en RRSS), con participantes diversos (pol√≠ticos de todos los partidos, dirigentes estudiantiles, el presidente, miembros de la CUT, presidentes de fundaciones y otros personajes relevantes) que permita el di√°logo y la generaci√≥n de ideas y se fomente la cooperaci√≥n entre todos para llegar a un Chile mejor y que nos represente a todos ",
10/22/2019 10:44:53,Primero bajarle el sueldo a parlamentarios para poder tranquilizar un poco los √°nimos. Luego eliminar el iva y sumplirlo con el aumento de un impuesto progresivo (real y no al peo como los que hay) a la renta. ,
10/22/2019 10:51:08,"- que dejen de hacer perdonazos a empresarios por evasi√≥n de impuestos.
- que exista una persona que supervise el trabajo de ministros, senadores y diputados, y que les paguen de acuerdo a su productividad marginal.
-  que existan mayor cantidad de planes de Salud, y que est√©n m√°s orientados a las personas.
",
10/22/2019 10:52:44,Educaci√≥n gratuita y de calidad ,"Ya se que esto suena clich√© y que es muy dif√≠cil lograrlo, pero creo que la manera m√°s importante para contrarrestar la desigualdad es la educaci√≥n, es partir desde ni√±os. Si tuvi√©ramos buena educaci√≥n y gratuita, los colegios privados ya no ser√≠an una necesidad y los mismos Abc1 pondr√≠an a sus hijos en estos colegios, y ah√≠ se mezclar√≠a la sociedad (veo una sociedad completamente separada entre los ricos y los pobres o clase media, hablamos diferente, nos vestimos diferente, vivimos completamente separados, no hay vida de sociedad los unos con los otros y todo eso genera odio y mucha desigualdad) .
La verdad es que no tengo idea como poder lograr esto bien, no se ni donde partir, pero tienen mi ayuda y apoyo. "
10/22/2019 10:55:46,"Dieta parlamentaria, reformar las afp","Esta claro que es imposible cambiar todo y asi terminar con la desigualdad en un dia o una semana, son cosas que llevan tiempo, sin embargo, de algo hay que partir, creo que es muy importante cambiar la mentalidad primero, dejar el individualismo "
10/22/2019 10:59:28,Bajar la dieta parlamentaria. Condenar con c√°rcel la evasi√≥n de impuestos y colusi√≥n de empresarios,
10/22/2019 11:13:41,Aumento del sueldo m√≠nimo a 500.000,"Con esta medida las cotizaciones suben y tambien las pensiones, es una medida perfecta para liberar presi√≥n"
10/22/2019 11:19:54,Eliminar el sistema neoliberalüòçüòçüòçüëåüèªüëåüèªüëåüèª Todos tendremos pension de un palo y educacion y salud gratis y de calidad,No sean aweonaos
10/22/2019 11:21:44,"Aumentar el sueldo m√≠nimo y bajarle el sueldo a los congresistas/presidentes/ministros y otros que se suben el sueldo cuando en verdad brillan por su ausencia. Y clases de √©tica a todos esos *** :). Mejor educaci√≥n. Mejor sistema para cuidar a los ni√±os, que son el futuro de chile ",
10/22/2019 11:27:50,Subir el salario m√≠nimo ,
10/22/2019 11:29:44,La existencia de un sueldo justo,"Ser√≠a genial que los trabajadores pudiesen ser parte de sus trabajos, no solo como empleados si no tambi√©n a la hora de recibir las ganancias finales a fin de a√±o. Mi papa tiene una pyme, y cuando hemos ido creciendo, si es que sale un buen negocio, siempre les da un bono a los chicos que trabajan con el, porque dice que si el crece es justo que ellos tambi√©n lo hagan. Ser√≠a incre√≠ble que eso pasara en las grandes empresas, si un mes o un a√±o es muy productivo, que parte de las ganancias tambi√©n llegar√°n a ellos. "
10/22/2019 12:39:10,"- bajar los salarios de los senadores y diputados
- disminuir en gran medida el precio del transporte p√∫blico 
- eliminar el AFP, hacer un nuevo plan de pensiones
",Para poder financiar lo dicho anteriormente se podr√≠a aumentar el impuesto al alcohol y alimentos da√±inos para la salud
10/22/2019 13:01:33,reducci√≥n de la dieta parlamentaria en al menos el 50% del monto actual,
10/22/2019 13:02:49,"Fin a las pensiones vitalicias por cargos p√∫blicos y a miembros de las FFAA, ajustando las pensiones a un nivel justo seg√∫n el contexto chileno",
10/22/2019 13:07:46,"Sanciones por abuso de las facultades de los cargos p√∫blicos (exceso en vi√°ticos, gastos personales con dinero destinado a sus funciones)",
10/22/2019 13:09:16,Sacar fuerzas militares en la zona de la Araucan√≠a y proteger a las personas de la represi√≥n de las FFAA,
10/22/2019 13:11:24,"Reestructurar la Ley que describe el agua como un bien p√∫blico, pero el derecho de uso de agua privado, denotando el agua y su uso como un bien p√∫blico protegido sin permitir aprovechamiento de quienes tienen m√°s poder (de compra o de manejo y control de aguas)",
10/22/2019 13:13:40,"Ley que se sume a la Ley de tenencia responsable de animales, que proteja a especies expuestas a da√±os y/o alteraciones por acciones de las personas, tales como, fuerza canina y polic√≠a montada en eventos de protestas y enfrentamientos, como tambi√©n actividades como el rodeo",
10/22/2019 13:22:55,sanciones graves a las empresas que se coludan o realicen malas praxis con fin de maximizar sus utilidades con faltas de √©tica,
10/22/2019 13:28:52,Asegurar un presupuesto para entregar salud de calidad y evitar largas esperas en centros de salud p√∫blicos,Sigan difundi√©ndose y subiendo m√°s publicaciones para que m√°s gente los siga y m√°s gente aporte
10/22/2019 13:30:41,"Bajar impuesto IVA (19%) y asegurarse de que las empresas paguen sus impuestos correspondientes. 
Bajar dieta parlamentaria.
Frenar sueldos vitalicios tanto de gobierno como de fuerzas armadas.
",Disminuir la cantidad de senadores y diputados
10/22/2019 13:30:44,Una comisi√≥n real que sancione a pol√≠ticos por abusos y frases despectivas en contra del pueblo y personas chilenas que no pertenezcan a la √©lite del pa√≠s,
10/22/2019 13:32:41,que exista un canal (o reformular) para la comunicaci√≥n entre las exigencias de la gente a la clase pol√≠tica,
10/22/2019 13:58:36,"Que en vez de haber una bip que se vaya recargando, se pague mensual (como en varios paises de europa) haciendo mas barato el costo por viaje para los usuarios y tambien podria bajar la evasion.",
10/22/2019 14:24:53,"Educaci√≥n de calidad, moderna y descentralizada. ",Estado de bienestar. 
10/22/2019 14:49:26,"Subir impuestos de las personas de forma dr√°stica. Solucionar el tema de las afp de ac√° a tres meses, subiendo las cuotas de forma instant√°nea desde la recaudaci√≥n de impuestos. Inyectar mayor presupuesto a educaci√≥n pre b√°sica y b√°sica, proyectar un crecimiento de aqu√≠ a 20 a√±os plazo. Endurecer leyes contra pol√≠ticos y empresarios por abuso de poder y estafa (no m√°s multas peque√±as, c√°rcel y retorno de todo lo robado deben ser las penas) ",
10/22/2019 14:53:04,Que la dieta parlamentaria sea del sueldo m√≠nimo y que el sueldo m√≠nimo Sean 500.000 ,Destituir al presidente y cambiar a todo el gabinete 
10/22/2019 14:57:50,Educaci√≥n gratuita y de calidad.,
10/22/2019 15:04:46,"Toda persona y/o empresa, paguen los impuestos. ",
10/22/2019 15:14:27,"Educaci√≥n de calidad, salud de calidad, un cambio simb√≥lico es que los pol√≠ticos bajen sus sueldos ",
10/22/2019 15:19:52,"Salud, educacion y pensi√≥n digna y de calidad",Nacionalizacion de recursos naturales
10/22/2019 15:30:31,Bajar la dieta parlamentaria y aumentar el sueldo m√≠nimo.,
10/22/2019 15:58:37,Pensiones m√°s altas,
10/22/2019 15:59:24,Mayor inversi√≥n en salud publica,
10/22/2019 16:18:27,Presupuesto 0. Hoja en blanco.,
10/22/2019 16:34:59,"Empezando por una asamblea constituyente, no podemos seguir viviendo con una constituci√≥n escrita en dictadura

Democracia directa: en otras palabras, que los plebiscitos sean influyentes y no una mera manera de recaudar informaci√≥n

Cambio de gabinete: quizas esto no influye tanto en la desigualdad pero el pueblo lo pide. Fuera ministro del interior, fuera ministra de educaci√≥n y fuera ministra de salud.

Disminuci√≥n de la dieta parlamentaria: porque? Por el simple hecho de que sus sueldos salen del bolsillo de todos los chilenos, en otras palabras, la disminuci√≥n de la dieta parlamentaria dispondr√≠a dinero para invertir en pol√≠ticas publicas m√°s eficientes.

Reforma tributaria: no se en terminos t√©cnicos como decirlo, pero en buen chileno: que el rico pague m√°s y el pobre pague menos.

Creo que fui lo mas concreto posible, investigare mas y volvere con mas ideas ",
10/22/2019 17:15:38,"Aumentar los impuestos a la propiedad, pero reducir los del trabajo. Tambi√©n que los impuestos sean locales, es decir se distribuyan dentro de tu comunidad.",Ps: Obviamente las comunas mas ricas deben ser solidarias con las mas pobres...
10/22/2019 19:12:12,"Los ingresos que reciben los hospitales. El presupuesto anual por lo general se acaba en septiembre, y es inaceptable que no hayan implementos b√°sicos para atender a los pacientes. Creo que invertir y resolver este √°mbito ayudar√≠a a disminuir la brecha social. ",
10/22/2019 19:22:01,Desprivatizacion del agua!!,
10/22/2019 19:22:23,Desmunicipalizacion de los colegios,
10/22/2019 20:21:23,"La medida que ayudar√≠a a mejorar la situaci√≥n actual de Chile es el cobro de contribuciones de las propiedades m√°s caras de Chile, el cobro de impuesto a empresas, la disminuci√≥n de la dieta parlamentaria. Regular las AFP, para que sea un sistema justo para cada ciudadano, que estas instituciones no jueguen con los fondos invirtiendolos en el extranjero ya que la ca√≠da del fondo significa la p√©rdida casi total de la pensi√≥n y el trabajo acumulado del adulto mayor que trabaj√≥ m√°s de cuarenta a√±os se pierde por completo. Otro tema significativo es la educaci√≥n, este es un derecho no un privilegio, por lo que se deben ense√±ar todas las asignaturas incluyendo Historia y Filosof√≠a. ","Se debe educar, entregar educaci√≥n c√≠vica, filosof√≠a es importante para desarrollar un pensamiento racional en el que el estudiante pueda reflexionar. La educaci√≥n no debe ser est√°ndar, la integraci√≥n social quiebra la brecha de desigualdad, un alumno que no tiene derecho a oportunidades pero la educaci√≥n se las entrega podr√° desarrollarse por medio de la educaci√≥n y no buscar el camino f√°cil por medio del narcotrafico o robo. Lo m√°s importante es ese/a joven que solo crecer√° por medio del conocimiento. "
10/22/2019 20:21:54,"La medida que ayudar√≠a a mejorar la situaci√≥n actual de Chile es el cobro de contribuciones de las propiedades m√°s caras de Chile, el cobro de impuesto a empresas, la disminuci√≥n de la dieta parlamentaria. Regular las AFP, para que sea un sistema justo para cada ciudadano, que estas instituciones no jueguen con los fondos invirtiendolos en el extranjero ya que la ca√≠da del fondo significa la p√©rdida casi total de la pensi√≥n y el trabajo acumulado del adulto mayor que trabaj√≥ m√°s de cuarenta a√±os se pierde por completo. Otro tema significativo es la educaci√≥n, este es un derecho no un privilegio, por lo que se deben ense√±ar todas las asignaturas incluyendo Historia y Filosof√≠a. ","Se debe educar, entregar educaci√≥n c√≠vica, filosof√≠a es importante para desarrollar un pensamiento racional en el que el estudiante pueda reflexionar. La educaci√≥n no debe ser est√°ndar, la integraci√≥n social quiebra la brecha de desigualdad, un alumno que no tiene derecho a oportunidades pero la educaci√≥n se las entrega podr√° desarrollarse por medio de la educaci√≥n y no buscar el camino f√°cil por medio del narcotrafico o robo. Lo m√°s importante es ese/a joven que solo crecer√° por medio del conocimiento. "
10/22/2019 20:22:00,"La medida que ayudar√≠a a mejorar la situaci√≥n actual de Chile es el cobro de contribuciones de las propiedades m√°s caras de Chile, el cobro de impuesto a empresas, la disminuci√≥n de la dieta parlamentaria. Regular las AFP, para que sea un sistema justo para cada ciudadano, que estas instituciones no jueguen con los fondos invirtiendolos en el extranjero ya que la ca√≠da del fondo significa la p√©rdida casi total de la pensi√≥n y el trabajo acumulado del adulto mayor que trabaj√≥ m√°s de cuarenta a√±os se pierde por completo. Otro tema significativo es la educaci√≥n, este es un derecho no un privilegio, por lo que se deben ense√±ar todas las asignaturas incluyendo Historia y Filosof√≠a. ","Se debe educar, entregar educaci√≥n c√≠vica, filosof√≠a es importante para desarrollar un pensamiento racional en el que el estudiante pueda reflexionar. La educaci√≥n no debe ser est√°ndar, la integraci√≥n social quiebra la brecha de desigualdad, un alumno que no tiene derecho a oportunidades pero la educaci√≥n se las entrega podr√° desarrollarse por medio de la educaci√≥n y no buscar el camino f√°cil por medio del narcotrafico o robo. Lo m√°s importante es ese/a joven que solo crecer√° por medio del conocimiento. "
10/22/2019 20:46:42,"Llamar a la realizaci√≥n de cabildos comunales para la revisi√≥n de un presupuesto nacional base. De esta manera poder generar di√°logo y discusi√≥n de manera transversal con la autoridad pol√≠tica sobre que elementos del presupuesto debiesen priorizarse en los pr√≥ximos a√±os, dadas las demandas sociales existentes. La importancia de esto recae en el hecho de que los recursos en un pa√≠s como Chile son limitados y no alcanza para hacer todo, por lo que discutir sobre que temas son m√°s prioritarios a nivel pa√≠s ser√≠a una buena medida para empezar.",